{
	"format_version": "1.8.0",
	"animations": {
		"animation.electrillager.idle": {
			"loop": true,
			"animation_length": 3,
			"bones": {
				"root": {
					"position": {
						"0.0": {
							"vector": [0, 0, 0]
						},
						"0.5417": {
							"vector": [0, 0, 0]
						},
						"1.0833": {
							"vector": [0, 0, 0]
						},
						"1.625": {
							"vector": [0, 0, 0]
						},
						"2.0": {
							"vector": [0, 0, 0]
						},
						"2.0417": {
							"vector": [-2, 3, 0]
						},
						"2.0833": {
							"vector": [0, 2, 3]
						},
						"2.125": {
							"vector": [2, 2, 1]
						},
						"2.1667": {
							"vector": [1, 1, -1]
						},
						"2.2083": {
							"vector": [-1.5, 0.5, 0.5]
						},
						"2.25": {
							"vector": [0, 0, 0]
						},
						"2.7917": {
							"vector": [0, 0, 0]
						},
						"3.0": {
							"vector": [0, 0, 0]
						}
					}
				},
				"waist": {
					"rotation": {
						"0.0": {
							"vector": [5, 12.5, 0]
						},
						"0.75": {
							"vector": [7.55359, 14.99039, 0.22549]
						},
						"1.5": {
							"vector": [2.64987, 17.46842, 0.56991]
						},
						"2.25": {
							"vector": [10.28817, 24.96001, 0.95129]
						},
						"3.0": {
							"vector": [5, 12.5, 0]
						}
					}
				},
				"head": {
					"rotation": {
						"0.0": {
							"vector": [-5.04352, -12.49041, 0.2231]
						},
						"0.75": {
							"vector": [-5.09753, -14.98063, 0.45054]
						},
						"1.5": {
							"vector": [0.67071, -20.16888, -1.72969]
						},
						"2.25": {
							"vector": [-6.18612, -22.64673, 3.65185]
						},
						"3.0": {
							"vector": [-5.04352, -12.49041, 0.2231]
						}
					}
				},
				"rightArm": {
					"rotation": {
						"0.0": {
							"vector": [2.45879, 6.95223, 12.80933]
						},
						"0.75": {
							"vector": [3.13235, 14.20057, 18.25075]
						},
						"1.5": {
							"vector": [1.21318, 14.48536, 10.51466]
						},
						"2.25": {
							"vector": [2.49754, 14.32336, 15.67434]
						},
						"3.0": {
							"vector": [2.45879, 6.95223, 12.80933]
						}
					}
				},
				"leftArm": {
					"rotation": {
						"0.0": {
							"vector": [-14.5652, -14.40239, -23.06158]
						},
						"0.75": {
							"vector": [-21.24124, -11.99184, -15.77288]
						},
						"1.5": {
							"vector": [-22.15053, -10.14237, -11.0392]
						},
						"2.25": {
							"vector": [-11.70149, -10.65907, -13.5261]
						},
						"3.0": {
							"vector": [-14.5652, -14.40239, -23.06158]
						}
					}
				},
				"leg0": {
					"rotation": {
						"vector": [5.07673, 9.96156, 0.88045]
					}
				}
			}
		},
		"animation.electrillager.walk": {
			"loop": true,
			"animation_length": 1.5,
			"bones": {
				"waist": {
					"rotation": {
						"0.0": {
							"vector": [2.5, 22.5, 0]
						},
						"0.75": {
							"vector": [0.63383, -20.09875, 3.52355]
						},
						"1.5": {
							"vector": [2.5, 22.5, 0]
						}
					},
					"position": {
						"0.0": {
							"vector": [0, 0, 0]
						},
						"0.125": {
							"vector": [0, 0, 0]
						},
						"0.25": {
							"vector": [0, -0.5, 0]
						},
						"0.375": {
							"vector": [0, 0, 0]
						},
						"0.875": {
							"vector": [0, 0, 0]
						},
						"1.0": {
							"vector": [0, -0.5, 0]
						},
						"1.125": {
							"vector": [0, 0, 0]
						},
						"1.5": {
							"vector": [0, 0, 0]
						}
					}
				},
				"head": {
					"rotation": {
						"0.0": {
							"vector": [-2.5, -17.5, 0]
						},
						"0.75": {
							"vector": [-0.07048, 19.86535, -3.234]
						},
						"1.5": {
							"vector": [-2.5, -17.5, 0]
						}
					}
				},
				"rightArm": {
					"rotation": {
						"0.0": {
							"vector": [29.8924, -3.82821, 3.21873]
						},
						"0.75": {
							"vector": [-57.65389, 2.509, 7.23225]
						},
						"1.5": {
							"vector": [29.8924, -3.82821, 3.21873]
						}
					}
				},
				"leftArm": {
					"rotation": {
						"0.0": {
							"vector": [-37.39455, -3.04137, -3.9705]
						},
						"0.75": {
							"vector": [60.14801, -0.87346, -5.21636]
						},
						"1.5": {
							"vector": [-37.39455, -3.04137, -3.9705]
						}
					}
				},
				"leg0": {
					"rotation": {
						"0.0": {
							"vector": [-5, 0, 0]
						},
						"0.1667": {
							"vector": [0, 0, 0]
						},
						"0.5": {
							"vector": [5, 0, 0]
						},
						"0.75": {
							"vector": [22.5, 0, 0]
						},
						"1.0": {
							"vector": [30, 0, 0]
						},
						"1.25": {
							"vector": [20.01793, 0.50163, -0.37454]
						},
						"1.5": {
							"vector": [-5, 0, 0]
						}
					},
					"position": {
						"0.0": {
							"vector": [0, 2, -2]
						},
						"0.1667": {
							"vector": [0, 0, -2]
						},
						"0.5": {
							"vector": [0, 0, 0]
						},
						"0.75": {
							"vector": [0, 0, 1]
						},
						"1.0": {
							"vector": [0, 1, 1]
						},
						"1.25": {
							"vector": [0, 1, -2]
						},
						"1.5": {
							"vector": [0, 2, -2]
						}
					}
				},
				"leg1": {
					"rotation": {
						"0.0": {
							"vector": [17.5, 0, 0]
						},
						"0.25": {
							"vector": [22.5, 0, 0]
						},
						"0.5": {
							"vector": [32.5, 0, 0]
						},
						"0.75": {
							"vector": [-12.5, 0, 0]
						},
						"0.9167": {
							"vector": [0, 0, 0]
						},
						"1.25": {
							"vector": [2.5, 0, 0]
						},
						"1.5": {
							"vector": [17.5, 0, 0]
						}
					},
					"position": {
						"0.0": {
							"vector": [0, 0, 1]
						},
						"0.25": {
							"vector": [0, 1, 1]
						},
						"0.5": {
							"vector": [0, 1, -3]
						},
						"0.75": {
							"vector": [0, 2, -2]
						},
						"0.9167": {
							"vector": [0, 0, -2]
						},
						"1.25": {
							"vector": [0, 0, 0]
						},
						"1.5": {
							"vector": [0, 0, 1]
						}
					}
				}
			}
		},
		"animation.electrillager.casting": {
			"animation_length": 1.25,
			"bones": {
				"waist": {
					"rotation": {
						"0.0": {
							"vector": [5, 12.5, 0]
						},
						"0.25": {
							"vector": [-21.71514, 32.41372, 2.02356]
						},
						"0.625": {
							"vector": [-30.53054, 26.6397, -10.73475]
						},
						"0.7917": {
							"vector": [20.82954, -7.40796, 12.36589]
						},
						"1.0": {
							"vector": [30.82954, -7.40796, 12.36589]
						},
						"1.25": {
							"vector": [5, 12.5, 0]
						}
					}
				},
				"head": {
					"rotation": {
						"0.0": {
							"vector": [-5.04352, -12.49041, 0.2231]
						},
						"0.25": {
							"vector": [22.40406, -31.56898, -12.73751]
						},
						"0.625": {
							"vector": [21.32457, -35.70888, -1.79313]
						},
						"0.7917": {
							"vector": [-20.12259, 9.87784, -18.57685]
						},
						"1.0": {
							"vector": [-22.36802, -4.22739, -13.45441]
						},
						"1.25": {
							"vector": [-5.04352, -12.49041, 0.2231]
						}
					}
				},
				"rightArm": {
					"rotation": {
						"0.0": {
							"vector": [2.45879, 6.95223, 12.80933]
						},
						"0.25": {
							"vector": [-154.42418, -0.63971, -19.52566]
						},
						"0.2917": {
							"vector": [-157.69172, 12.85733, -49.33506]
						},
						"0.3333": {
							"vector": [-130.19172, 12.85733, -49.33506]
						},
						"0.375": {
							"vector": [-101.41645, -4.03545, -31.03645]
						},
						"0.4167": {
							"vector": [-117.98253, -28.49028, -25.57484]
						},
						"0.4583": {
							"vector": [-134.67329, -29.11379, -9.49761]
						},
						"0.5": {
							"vector": [-154.42418, -0.63971, -19.52566]
						},
						"0.5417": {
							"vector": [-157.69172, 12.85733, -49.33506]
						},
						"0.5833": {
							"vector": [-130.19172, 12.85733, -49.33506]
						},
						"0.625": {
							"vector": [-101.41645, -4.03545, -31.03645]
						},
						"0.6667": {
							"vector": [-117.98253, -28.49028, -25.57484]
						},
						"0.7083": {
							"vector": [-199.67329, -29.11379, -9.49761]
						},
						"0.7917": {
							"vector": [-76.53744, 7.29219, -0.16175]
						},
						"1.0": {
							"vector": [-69.03744, 7.29219, -0.16175]
						},