{
	"format_version": "1.8.0",
	"animations": {
		"animation.necrillager.idle": {
			"loop": true,
			"animation_length": 2,
			"bones": {
				"upperbody": {
					"rotation": {
						"0.0": {
							"vector": [7.58814, -0.72669, -17.73742]
						},
						"0.5": {
							"vector": [-7.44322, 0.24422, -10.30037]
						},
						"1.0": {
							"vector": [-5.76904, 4.71745, 26.97768]
						},
						"1.5": {
							"vector": [-28.97537, -11.80478, -1.16328]
						},
						"2.0": {
							"vector": [7.58814, -0.72669, -17.73742]
						}
					}
				},
				"head": {
					"rotation": {
						"0.0": {
							"vector": [0, 0, -30]
						},
						"0.5": {
							"vector": [0, 0, 15]
						},
						"1.0": {
							"vector": [0, 0, 35]
						},
						"1.5": {
							"vector": [-17.5, 0, -5]
						},
						"2.0": {
							"vector": [0, 0, -30]
						}
					}
				},
				"eyebrow": {
					"rotation": {
						"vector": [0, 0, -12.5]
					}
				},
				"rightArm": {
					"rotation": {
						"0.0": {
							"vector": [0, 0, 15]
						},
						"0.5": {
							"vector": [0, 0, 25]
						},
						"1.0": {
							"vector": [-2.5, 0, 10]
						},
						"1.5": {
							"vector": [19.30055, 5.50866, 5.8514]
						},
						"2.0": {
							"vector": [0, 0, 15]
						}
					}
				},
				"leftArm": {
					"rotation": {
						"0.0": {
							"vector": [-4.76968, -1.50179, -17.43745]
						},
						"0.5": {
							"vector": [-4.99527, -0.21782, -2.4905]
						},
						"1.0": {
							"vector": [-3.83424, -3.21154, -39.89247]
						},
						"1.5": {
							"vector": [27.34504, -6.87139, -20.70328]
						},
						"2.0": {
							"vector": [-4.76968, -1.50179, -17.43745]
						}
					}
				},
				"leg0": {
					"rotation": {
						"vector": [0, 5, 0]
					}
				},
				"leg1": {
					"rotation": {
						"vector": [5, 0, -5]
					}
				}
			}
		},
		"animation.necrillager.walk": {
			"loop": true,
			"animation_length": 1,
			"bones": {
				"upperbody": {
					"rotation": {
						"0.0": {
							"vector": [9.54589, 2.99318, -17.25002]
						},
						"0.5": {
							"vector": [7.06494, -2.67031, 17.29721]
						},
						"1.0": {
							"vector": [9.54589, 2.99318, -17.25002]
						}
					}
				},
				"head": {
					"rotation": {
						"0.0": {
							"vector": [0, 0, -22.5]
						},
						"0.5": {
							"vector": [0, 0, 40]
						},
						"1.0": {
							"vector": [0, 0, -22.5]
						}
					}
				},
				"eyebrow": {
					"rotation": {
						"vector": [0, 0, -12.5]
					}
				},
				"rightArm": {
					"rotation": {
						"0.0": {
							"vector": [0, 0, 25]
						},
						"0.5": {
							"vector": [0, 0, 0]
						},
						"1.0": {
							"vector": [0, 0, 25]
						}
					}
				},
				"leftArm": {
					"rotation": {
						"0.0": {
							"vector": [-7.49294, 0.32621, -5.02136]
						},
						"0.5": {
							"vector": [-17.38733, -1.29876, -17.41615]
						},
						"1.0": {
							"vector": [-7.49294, 0.32621, -5.02136]
						}
					}
				},
				"leg0": {
					"rotation": {
						"0.0": {
							"vector": [-27.5, 0, 0]
						},
						"0.5": {
							"vector": [37.5, 0, 0]
						},
						"1.0": {
							"vector": [-27.5, 0, 0]
						}
					}
				},
				"leg1": {
					"rotation": {
						"0.0": {
							"vector": [35, 0, 0]
						},
						"0.5": {
							"vector": [-22.5, 0, 0]
						},
						"1.0": {
							"vector": [35, 0, 0]
						}
					}
				}
			}
		},
		"animation.necrillager.casting": {
			"loop": true,
			"animation_length": 1,
			"bones": {
				"upperbody": {
					"rotation": {
						"0.0": {
							"vector": [-28.48124, 9.84655, 17.49524]
						},
						"0.25": {
							"vector": [-9.40842, -6.21271, -10.86815]
						},
						"0.5": {
							"vector": [36.79412, -12.30253, -2.82738]
						},
						"0.75": {
							"vector": [9.76942, -22.28297, 12.25674]
						},
						"1.0": {
							"vector": [-28.48124, 9.84655, 17.49524]
						}
					}
				},
				"head": {
					"rotation": {
						"0.0": {
							"vector": [-22.5, 0, 30]
						},
						"0.25": {
							"vector": [-14.15251, -17.67415, -20.28872]
						},
						"0.5": {
							"vector": [39.17322, -15.36676, 3.48652]
						},
						"0.75": {
							"vector": [-12.76223, -10.40168, 33.86619]
						},
						"1.0": {
							"vector": [-22.5, 0, 30]
						}
					}
				},
				"eyebrow": {
					"rotation": {
						"0.0": {
							"vector": [0, 0, -17.5]
						},
						"1.0": {
							"vector": [0, 0, -17.5]
						}
					}
				},
				"rightArm": {
					"rotation": {
						"0.0": {
							"vector": [69.84126, -7.04533, 2.57816]
						},
						"0.25": {
							"vector": [-23.58388, -2.12015, 14.10756]
						},
						"0.5": {
							"vector": [-28.01555, 20.92863, 63.93161]
						},
						"0.75": {
							"vector": [-70.01833, -0.55391, -1.19515]
						},
						"1.0": {
							"vector": [69.84126, -7.04533, 2.57816]
						}
					}
				},
				"leftArm": {
					"rotation": {
						"0.0": {
							"vector": [61.67841, 13.27207, -7.05309]
						},
						"0.25": {
							"vector": [-68.18592, -2.89598, -32.51636]
						},
						"0.5": {
							"vector": [-61.24278, -24.72625, -26.5615]
						},
						"0.75": {
							"vector": [33.08336, -30.44403, -44.20524]
						},
						"1.0": {
							"vector": [61.67841, 13.27207, -7.05309]
						}
					}
				},
				"leg0": {
					"rotation": {
						"vector": [0, 7.5, 0]
					}
				},
				"leg1": {
					"rotation": {
						"vector": [12.5, 0, 0]
					}
				}
			}
		}
	},
	"geckolib_format_version": 2
}